Unit_ID,Unit_Name,Unit_DEF_TYPE,Unit_DEF,Unit_HP,Stage,Move_Speed,Icon,Model
10050050001 ,신입 모험가,1,6,70,1,10,MC02_icon,MC02
10080058004 ,신입 모험가(2),1,9,81,4,10,MC02_icon,MC02
10110067007 ,신입 모험가(3),1,12,94,7,10,MC02_icon,MC02
10140081011 ,스톤 등급 모험가,1,15,114,11,10,MC03_icon,MC03
10170094014 ,스톤 등급 모험가(2),1,18,132,14,10,MC03_icon,MC03
10200109017 ,스톤 등급 모험가(3),1,21,153,17,10,MC03_icon,MC03
10230133021 ,아이언 등급 모험가,1,26,186,21,10,MC04_icon,MC04
10260154024 ,아이언 등급 모험가(2),1,29,215,24,10,MC04_icon,MC04
10290178027 ,아이언 등급 모험가(3),1,32,249,27,10,MC04_icon,MC04
10320216031 ,실버 등급 모험가,1,35,303,31,10,MC05_icon,MC05
10350250034 ,실버 등급 모험가(2),1,38,350,34,10,MC05_icon,MC05
10380290037 ,실버 등급 모험가(3),1,41,405,37,10,MC05_icon,MC05
10410352041 ,골드 등급 모험가,1,44,493,41,10,MC06_icon,MC06
10440407044 ,골드 등급 모험가(2),1,47,570,44,10,MC06_icon,MC06
10470472047 ,골드 등급 모험가(3),1,50,660,47,10,MC06_icon,MC06
10500573051 ,플래티넘 등급 모험가,1,56,842,51,10,MC07_icon,MC07
10530664054 ,플래티넘 등급 모험가(2),1,59,977,54,10,MC07_icon,MC07
10560768057 ,플래티넘 등급 모험가(3),1,62,1135,57,10,MC07_icon,MC07
10590934061 ,다이아몬드 등급 모험가,1,65,1384,61,10,MC14_icon,MC14
10621081064 ,다이아몬드 등급 모험가(2),1,68,1607,64,10,MC14_icon,MC14
10651252067 ,다이아몬드 등급 모험가(3),1,71,1866,67,10,MC14_icon,MC14
10681521071 ,아다만티움 등급 모험가,1,74,2277,71,10,MC17_icon,MC17
10711761074 ,아다만티움 등급 모험가(2),1,77,2643,74,10,MC17_icon,MC17
10742039077 ,아다만티움 등급 모험가(3),1,80,3068,77,10,MC17_icon,MC17
10772478081 ,미스릴 등급 모험가,1,83,3744,81,10,MC18_icon,MC18
10802869084 ,미스릴 등급 모험가(2),1,86,4346,84,10,MC18_icon,MC18
10833321087 ,미스릴 등급 모험가(3),1,89,5046,87,10,MC18_icon,MC18
10864037091 ,레전드 등급 모험가,1,92,6157,91,10,MC19_icon,MC19
10894673094 ,레전드 등급 모험가(2),1,95,7147,94,10,MC19_icon,MC19
10925409097 ,레전드 등급 모험가(3),1,98,8298,97,10,MC19_icon,MC19
20050053002 ,신입 모험가,2,6,74,2,10,MC02_1_icon,MC02_1
20080061005 ,신입 모험가(2),2,9,85,5,10,MC02_1_icon,MC02_1
20110070008 ,신입 모험가(3),2,12,98,8,10,MC02_1_icon,MC02_1
20140086012 ,스톤 등급 모험가,2,15,120,12,10,MC03_1_icon,MC03_1
20170099015 ,스톤 등급 모험가(2),2,18,139,15,10,MC03_1_icon,MC03_1
20200115018 ,스톤 등급 모험가(3),2,21,160,18,10,MC03_1_icon,MC03_1
20230139022 ,아이언 등급 모험가,2,26,195,22,10,MC04_1_icon,MC04_1
20260161025 ,아이언 등급 모험가(2),2,29,226,25,10,MC04_1_icon,MC04_1
20290187028 ,아이언 등급 모험가(3),2,32,261,28,10,MC04_1_icon,MC04_1
20320227032 ,실버 등급 모험가,2,35,318,32,10,MC05_1_icon,MC05_1
20350263035 ,실버 등급 모험가(2),2,38,368,35,10,MC05_1_icon,MC05_1
20380304038 ,실버 등급 모험가(3),2,41,426,38,10,MC05_1_icon,MC05_1
20410370042 ,골드 등급 모험가,2,44,517,42,10,MC06_1_icon,MC06_1
20440428045 ,골드 등급 모험가(2),2,47,599,45,10,MC06_1_icon,MC06_1
20470495048 ,골드 등급 모험가(3),2,50,693,48,10,MC06_1_icon,MC06_1
20500602052 ,플래티넘 등급 모험가,2,56,885,52,10,MC07_1_icon,MC07_1
20530697055 ,플래티넘 등급 모험가(2),2,59,1027,55,10,MC07_1_icon,MC07_1
20560807058 ,플래티넘 등급 모험가(3),2,62,1192,58,10,MC07_1_icon,MC07_1
20590981062 ,다이아몬드 등급 모험가,2,65,1455,62,10,MC14_1_icon,MC14_1
20621135065 ,다이아몬드 등급 모험가(2),2,68,1689,65,10,MC14_1_icon,MC14_1
20651314068 ,다이아몬드 등급 모험가(3),2,71,1961,68,10,MC14_1_icon,MC14_1
20681597072 ,아다만티움 등급 모험가,2,74,2393,72,10,MC17_1_icon,MC17_1
20711849075 ,아다만티움 등급 모험가(2),2,77,2778,75,10,MC17_1_icon,MC17_1
20742141078 ,아다만티움 등급 모험가(3),2,80,3225,78,10,MC17_1_icon,MC17_1
20772602082 ,미스릴 등급 모험가,2,83,3935,82,10,MC18_1_icon,MC18_1
20803012085 ,미스릴 등급 모험가(2),2,86,4568,85,10,MC18_1_icon,MC18_1
20833487088 ,미스릴 등급 모험가(3),2,89,5303,88,10,MC18_1_icon,MC18_1
20864238092 ,레전드 등급 모험가,2,92,6471,92,10,MC19_1_icon,MC19_1
20894906095 ,레전드 등급 모험가(2),2,95,7512,95,10,MC19_1_icon,MC19_1
20925680098 ,레전드 등급 모험가(3),2,98,8721,98,10,MC19_1_icon,MC19_1
30050055003 ,신입 모험가,3,6,77,3,10,MC02_2_icon,MC02_2
30080064006 ,신입 모험가(2),3,9,89,6,10,MC02_2_icon,MC02_2
30110074009 ,신입 모험가(3),3,12,103,9,10,MC02_2_icon,MC02_2
30140090013 ,스톤 등급 모험가,3,15,126,13,10,MC03_2_icon,MC03_2
30170104016 ,스톤 등급 모험가(2),3,18,146,16,10,MC03_2_icon,MC03_2
30200120019 ,스톤 등급 모험가(3),3,21,168,19,10,MC03_2_icon,MC03_2
30230146023 ,아이언 등급 모험가,3,26,205,23,10,MC04_2_icon,MC04_2
30260169026 ,아이언 등급 모험가(2),3,29,237,26,10,MC04_2_icon,MC04_2
30290196029 ,아이언 등급 모험가(3),3,32,274,29,10,MC04_2_icon,MC04_2
30320238033 ,실버 등급 모험가,3,35,334,33,10,MC05_2_icon,MC05_2
30350276036 ,실버 등급 모험가(2),3,38,386,36,10,MC05_2_icon,MC05_2
30380319039 ,실버 등급 모험가(3),3,41,447,39,10,MC05_2_icon,MC05_2
30410388043 ,골드 등급 모험가,3,44,543,43,10,MC06_2_icon,MC06_2
30440449046 ,골드 등급 모험가(2),3,47,629,46,10,MC06_2_icon,MC06_2
30470520049 ,골드 등급 모험가(3),3,50,728,49,10,MC06_2_icon,MC06_2
30500632053 ,플래티넘 등급 모험가,3,56,930,53,10,MC07_2_icon,MC07_2
30530732056 ,플래티넘 등급 모험가(2),3,59,1080,56,10,MC07_2_icon,MC07_2
30560847059 ,플래티넘 등급 모험가(3),3,62,1253,59,10,MC07_2_icon,MC07_2
30591030063 ,다이아몬드 등급 모험가,3,65,1529,63,10,MC14_2_icon,MC14_2
30621192066 ,다이아몬드 등급 모험가(2),3,68,1775,66,10,MC14_2_icon,MC14_2
30651380069 ,다이아몬드 등급 모험가(3),3,71,2061,69,10,MC14_2_icon,MC14_2
30681677073 ,아다만티움 등급 모험가,3,74,2515,73,10,MC17_2_icon,MC17_2
30711942076 ,아다만티움 등급 모험가(2),3,77,2919,76,10,MC17_2_icon,MC17_2
30742248079 ,아다만티움 등급 모험가(3),3,80,3389,79,10,MC17_2_icon,MC17_2
30772732083 ,미스릴 등급 모험가,3,83,4135,83,10,MC18_2_icon,MC18_2
30803163086 ,미스릴 등급 모험가(2),3,86,4801,86,10,MC18_2_icon,MC18_2
30833661089 ,미스릴 등급 모험가(3),3,89,5574,89,10,MC18_2_icon,MC18_2
30864450093 ,레전드 등급 모험가,3,92,6801,93,10,MC19_2_icon,MC19_2
30895152096 ,레전드 등급 모험가(2),3,95,7895,96,10,MC19_2_icon,MC19_2
30925964099 ,레전드 등급 모험가(3),3,98,9166,99,10,MC19_2_icon,MC19_2
1 ,검사 브라이언,1,25,2000,10,10,MC08_icon,MC08
2 ,명사수 엘리,2,40,3000,20,10,MC11_icon,MC11
3 ,붉은 마탑의 브림스,3,55,4000,30,10,MC27_icon,MC27
4 ,그림자 암살자 케린,1,70,6000,40,10,MC12_icon,MC12
5 ,신속의 창 하겐,2,85,8000,50,10,MC16_icon,MC16
6 ,푸른 마탑의 수석 제자 멜리나,3,100,10000,60,10,MC27_1_icon,MC27_1
7 ,검성 아르만,1,115,13000,70,10,MC20_icon,MC20
8 ,영웅왕 무론,2,130,16000,80,10,MC09_icon,MC09
9 ,대마도사 세렌스파,3,145,20000,90,10,MC27_2_icon,MC27_2
10 ,용사 나이젤,4,160,25000,100,10,MC01_icon,MC01